{"loss": 0.43803924322128296, "train_acc": 0.8215488195419312, "train_f1": 0.7414634227752686, "auROC": 0.8543257713317871, "epoch": 50, "trainer/global_step": 2800, "_timestamp": 1695505083.0645134, "_runtime": 211.81128454208374, "_step": 50, "test_loss": 0.323553204536438, "test_accuracy": 0.9040767550468445, "test_f1_score": 0.8610126972198486, "test_auROC": 0.9450468420982361, "_wandb": {"runtime": 212}}